ECLE Wireless On Ear Headphone Headset Gaming Super Bass Stereo Hitam;Rp106,00;Audio;ECLE
ECLE Bluetooth Wireless Speaker Mini Portable Super Bass Stereo;Rp132,90;Audio;ECLE
Bigetron Official Jersey;Rp250,00;Fashion;Bigetron
Converse Lifestyle Wrinkle Backpack;Rp299,00;Fashion;Converse
Jaket Jeans Original XXL - Hitam, XXL;Rp300,00;Fashion;Rafen
Xiaomi Mi Band 5 Waterproof AMOLED Screen Heart Rate - China Versi;Rp335,00;Gadget;Xiaomi
Stand speaker / Tripod speaker Krezt NB - 503 ( isi 2pcs full besi );Rp440,00;Audio;Krezt
Russell Hobbs Compact Home Slow Cooker;Rp559,00;Elektronik;Russel Hobbs
Converse CHUCK 70 HI Unisex Sneakers Shoes - Black;Rp899,00;Fashion;Converse
Sanken SN-118KEG Kulkas Mini Bar;Rp1,365,000;Elektronik;Sanken
Speaker Portable Meeting wireless Krezt Was-110 FV (10inch);Rp2,200,000;Audio;Krezt
Sanken Dispenser Bottom Loading HWD-C590G-BK Hitam;Rp2,629,000;Elektronik;Sanken
Apple Airpods Pro Wireless Charging Original Garansi Resmi Apple;Rp2,995,000;Gadget;Apple
realme Smart LED TV 32 inch [Android 9.0, Bazel-less, Dolby Audio, HD-Netflix];Rp3,299,000;Elektronik;Realme
Russell Hobbs 5L Brooklyn Air Fryer;Rp3,894,000;Elektronik;Russel Hobbs
Realme X3 SuperZoom 12/256GB [60X Periscope Zoom, Snapdragon 855, NFC];Rp5,599,000;Gadget;Realme
Iphone XR 64GB Garansi Resmi Ibox / TAM;Rp7,295,000;Gadget;Apple
Microsoft Surface GO 2 128GB / 8GB / Intel Core M3 8th Gen8 / New 2020 - 64GB M3 10 Pro;Rp8,350,000;Gadget;Microsoft
ASUS ROG PHONE 3 / ROG PHONE III 512 GB / 256GB / 128GB Garansi 1 Tahn - 12 GB - 128 GB, Tencent Games;Rp8,932,000;Gadget;Asus
Xiaomi Mi 11 (8GB+256GB) 108MP Cinematic Layar 6.81? WQHD+ AMOLED DotDisplay Snapdragon? 888 4600mAh;Rp9,793,000;Elektronik;Xiaomi
Apple iPhone 12 128GB - Red;Rp14,499,000;Gadget;Apple
Asus ROG Strix G713QC Ryzen 7 5800H 8GB 512GB RTX3050 4GB WIN10+OHS - BLACK;Rp17,999,000;Gadget;Asus
Microsoft Surface Pro 7+ 7 Plus 2021 Intel i7 11 Gen 256GB 16GB 256 GB - WIFI Only, Unit Only;Rp28,490,000;Gadget;Microsoft
